,p,n,leading_eigenvalue,mean_eigenvalue,median_eigenvalue
0,50,126,0.003287063598375416,9.688256447717586e-05,5.1410402609671295e-20
